GEO.id,Id
GEO.id2,Id2
GEO.display-label,Geography
HC01_EST_VC20,Total; Estimate; RACE AND HISPANIC OR LATINO ORIGIN - One race
HC01_MOE_VC20,Total; Margin of Error; RACE AND HISPANIC OR LATINO ORIGIN - One race
HC02_EST_VC20,Moved; within same county; Estimate; RACE AND HISPANIC OR LATINO ORIGIN - One race
HC02_MOE_VC20,Moved; within same county; Margin of Error; RACE AND HISPANIC OR LATINO ORIGIN - One race
HC03_EST_VC20,"Moved; from different county, same state; Estimate; RACE AND HISPANIC OR LATINO ORIGIN - One race"
HC03_MOE_VC20,"Moved; from different county, same state; Margin of Error; RACE AND HISPANIC OR LATINO ORIGIN - One race"
HC04_EST_VC20,Moved; from different  state; Estimate; RACE AND HISPANIC OR LATINO ORIGIN - One race
HC04_MOE_VC20,Moved; from different  state; Margin of Error; RACE AND HISPANIC OR LATINO ORIGIN - One race
HC05_EST_VC20,Moved; from abroad; Estimate; RACE AND HISPANIC OR LATINO ORIGIN - One race
HC05_MOE_VC20,Moved; from abroad; Margin of Error; RACE AND HISPANIC OR LATINO ORIGIN - One race
HC01_EST_VC21,Total; Estimate; RACE AND HISPANIC OR LATINO ORIGIN - One race - White
HC01_MOE_VC21,Total; Margin of Error; RACE AND HISPANIC OR LATINO ORIGIN - One race - White
HC02_EST_VC21,Moved; within same county; Estimate; RACE AND HISPANIC OR LATINO ORIGIN - One race - White
HC02_MOE_VC21,Moved; within same county; Margin of Error; RACE AND HISPANIC OR LATINO ORIGIN - One race - White
HC03_EST_VC21,"Moved; from different county, same state; Estimate; RACE AND HISPANIC OR LATINO ORIGIN - One race - White"
HC03_MOE_VC21,"Moved; from different county, same state; Margin of Error; RACE AND HISPANIC OR LATINO ORIGIN - One race - White"
HC04_EST_VC21,Moved; from different  state; Estimate; RACE AND HISPANIC OR LATINO ORIGIN - One race - White
HC04_MOE_VC21,Moved; from different  state; Margin of Error; RACE AND HISPANIC OR LATINO ORIGIN - One race - White
HC05_EST_VC21,Moved; from abroad; Estimate; RACE AND HISPANIC OR LATINO ORIGIN - One race - White
HC05_MOE_VC21,Moved; from abroad; Margin of Error; RACE AND HISPANIC OR LATINO ORIGIN - One race - White
HC01_EST_VC22,Total; Estimate; RACE AND HISPANIC OR LATINO ORIGIN - One race - Black or African American
HC01_MOE_VC22,Total; Margin of Error; RACE AND HISPANIC OR LATINO ORIGIN - One race - Black or African American
HC02_EST_VC22,Moved; within same county; Estimate; RACE AND HISPANIC OR LATINO ORIGIN - One race - Black or African American
HC02_MOE_VC22,Moved; within same county; Margin of Error; RACE AND HISPANIC OR LATINO ORIGIN - One race - Black or African American
HC03_EST_VC22,"Moved; from different county, same state; Estimate; RACE AND HISPANIC OR LATINO ORIGIN - One race - Black or African American"
HC03_MOE_VC22,"Moved; from different county, same state; Margin of Error; RACE AND HISPANIC OR LATINO ORIGIN - One race - Black or African American"
HC04_EST_VC22,Moved; from different  state; Estimate; RACE AND HISPANIC OR LATINO ORIGIN - One race - Black or African American
HC04_MOE_VC22,Moved; from different  state; Margin of Error; RACE AND HISPANIC OR LATINO ORIGIN - One race - Black or African American
HC05_EST_VC22,Moved; from abroad; Estimate; RACE AND HISPANIC OR LATINO ORIGIN - One race - Black or African American
HC05_MOE_VC22,Moved; from abroad; Margin of Error; RACE AND HISPANIC OR LATINO ORIGIN - One race - Black or African American
HC01_EST_VC23,Total; Estimate; RACE AND HISPANIC OR LATINO ORIGIN - One race - American Indian and Alaska Native
HC01_MOE_VC23,Total; Margin of Error; RACE AND HISPANIC OR LATINO ORIGIN - One race - American Indian and Alaska Native
HC02_EST_VC23,Moved; within same county; Estimate; RACE AND HISPANIC OR LATINO ORIGIN - One race - American Indian and Alaska Native
HC02_MOE_VC23,Moved; within same county; Margin of Error; RACE AND HISPANIC OR LATINO ORIGIN - One race - American Indian and Alaska Native
HC03_EST_VC23,"Moved; from different county, same state; Estimate; RACE AND HISPANIC OR LATINO ORIGIN - One race - American Indian and Alaska Native"
HC03_MOE_VC23,"Moved; from different county, same state; Margin of Error; RACE AND HISPANIC OR LATINO ORIGIN - One race - American Indian and Alaska Native"
HC04_EST_VC23,Moved; from different  state; Estimate; RACE AND HISPANIC OR LATINO ORIGIN - One race - American Indian and Alaska Native
HC04_MOE_VC23,Moved; from different  state; Margin of Error; RACE AND HISPANIC OR LATINO ORIGIN - One race - American Indian and Alaska Native
HC05_EST_VC23,Moved; from abroad; Estimate; RACE AND HISPANIC OR LATINO ORIGIN - One race - American Indian and Alaska Native
HC05_MOE_VC23,Moved; from abroad; Margin of Error; RACE AND HISPANIC OR LATINO ORIGIN - One race - American Indian and Alaska Native
HC01_EST_VC24,Total; Estimate; RACE AND HISPANIC OR LATINO ORIGIN - One race - Asian
HC01_MOE_VC24,Total; Margin of Error; RACE AND HISPANIC OR LATINO ORIGIN - One race - Asian
HC02_EST_VC24,Moved; within same county; Estimate; RACE AND HISPANIC OR LATINO ORIGIN - One race - Asian
HC02_MOE_VC24,Moved; within same county; Margin of Error; RACE AND HISPANIC OR LATINO ORIGIN - One race - Asian
HC03_EST_VC24,"Moved; from different county, same state; Estimate; RACE AND HISPANIC OR LATINO ORIGIN - One race - Asian"
HC03_MOE_VC24,"Moved; from different county, same state; Margin of Error; RACE AND HISPANIC OR LATINO ORIGIN - One race - Asian"
HC04_EST_VC24,Moved; from different  state; Estimate; RACE AND HISPANIC OR LATINO ORIGIN - One race - Asian
HC04_MOE_VC24,Moved; from different  state; Margin of Error; RACE AND HISPANIC OR LATINO ORIGIN - One race - Asian
HC05_EST_VC24,Moved; from abroad; Estimate; RACE AND HISPANIC OR LATINO ORIGIN - One race - Asian
HC05_MOE_VC24,Moved; from abroad; Margin of Error; RACE AND HISPANIC OR LATINO ORIGIN - One race - Asian
HC01_EST_VC25,Total; Estimate; RACE AND HISPANIC OR LATINO ORIGIN - One race - Native Hawaiian and Other Pacific Islander
HC01_MOE_VC25,Total; Margin of Error; RACE AND HISPANIC OR LATINO ORIGIN - One race - Native Hawaiian and Other Pacific Islander
HC02_EST_VC25,Moved; within same county; Estimate; RACE AND HISPANIC OR LATINO ORIGIN - One race - Native Hawaiian and Other Pacific Islander
HC02_MOE_VC25,Moved; within same county; Margin of Error; RACE AND HISPANIC OR LATINO ORIGIN - One race - Native Hawaiian and Other Pacific Islander
HC03_EST_VC25,"Moved; from different county, same state; Estimate; RACE AND HISPANIC OR LATINO ORIGIN - One race - Native Hawaiian and Other Pacific Islander"
HC03_MOE_VC25,"Moved; from different county, same state; Margin of Error; RACE AND HISPANIC OR LATINO ORIGIN - One race - Native Hawaiian and Other Pacific Islander"
HC04_EST_VC25,Moved; from different  state; Estimate; RACE AND HISPANIC OR LATINO ORIGIN - One race - Native Hawaiian and Other Pacific Islander
HC04_MOE_VC25,Moved; from different  state; Margin of Error; RACE AND HISPANIC OR LATINO ORIGIN - One race - Native Hawaiian and Other Pacific Islander
HC05_EST_VC25,Moved; from abroad; Estimate; RACE AND HISPANIC OR LATINO ORIGIN - One race - Native Hawaiian and Other Pacific Islander
HC05_MOE_VC25,Moved; from abroad; Margin of Error; RACE AND HISPANIC OR LATINO ORIGIN - One race - Native Hawaiian and Other Pacific Islander
HC01_EST_VC26,Total; Estimate; RACE AND HISPANIC OR LATINO ORIGIN - One race - Some other race
HC01_MOE_VC26,Total; Margin of Error; RACE AND HISPANIC OR LATINO ORIGIN - One race - Some other race
HC02_EST_VC26,Moved; within same county; Estimate; RACE AND HISPANIC OR LATINO ORIGIN - One race - Some other race
HC02_MOE_VC26,Moved; within same county; Margin of Error; RACE AND HISPANIC OR LATINO ORIGIN - One race - Some other race
HC03_EST_VC26,"Moved; from different county, same state; Estimate; RACE AND HISPANIC OR LATINO ORIGIN - One race - Some other race"
HC03_MOE_VC26,"Moved; from different county, same state; Margin of Error; RACE AND HISPANIC OR LATINO ORIGIN - One race - Some other race"
HC04_EST_VC26,Moved; from different  state; Estimate; RACE AND HISPANIC OR LATINO ORIGIN - One race - Some other race
HC04_MOE_VC26,Moved; from different  state; Margin of Error; RACE AND HISPANIC OR LATINO ORIGIN - One race - Some other race
HC05_EST_VC26,Moved; from abroad; Estimate; RACE AND HISPANIC OR LATINO ORIGIN - One race - Some other race
HC05_MOE_VC26,Moved; from abroad; Margin of Error; RACE AND HISPANIC OR LATINO ORIGIN - One race - Some other race
HC01_EST_VC27,Total; Estimate; RACE AND HISPANIC OR LATINO ORIGIN - Two or more races
HC01_MOE_VC27,Total; Margin of Error; RACE AND HISPANIC OR LATINO ORIGIN - Two or more races
HC02_EST_VC27,Moved; within same county; Estimate; RACE AND HISPANIC OR LATINO ORIGIN - Two or more races
HC02_MOE_VC27,Moved; within same county; Margin of Error; RACE AND HISPANIC OR LATINO ORIGIN - Two or more races
HC03_EST_VC27,"Moved; from different county, same state; Estimate; RACE AND HISPANIC OR LATINO ORIGIN - Two or more races"
HC03_MOE_VC27,"Moved; from different county, same state; Margin of Error; RACE AND HISPANIC OR LATINO ORIGIN - Two or more races"
HC04_EST_VC27,Moved; from different  state; Estimate; RACE AND HISPANIC OR LATINO ORIGIN - Two or more races
HC04_MOE_VC27,Moved; from different  state; Margin of Error; RACE AND HISPANIC OR LATINO ORIGIN - Two or more races
HC05_EST_VC27,Moved; from abroad; Estimate; RACE AND HISPANIC OR LATINO ORIGIN - Two or more races
HC05_MOE_VC27,Moved; from abroad; Margin of Error; RACE AND HISPANIC OR LATINO ORIGIN - Two or more races
HC01_EST_VC54,Total; Estimate; INDIVIDUAL INCOME IN THE PAST 12 MONTHS (IN 2016 INFLATION-ADJUSTED DOLLARS) - Population 15 years and over
HC01_MOE_VC54,Total; Margin of Error; INDIVIDUAL INCOME IN THE PAST 12 MONTHS (IN 2016 INFLATION-ADJUSTED DOLLARS) - Population 15 years and over
HC02_EST_VC54,Moved; within same county; Estimate; INDIVIDUAL INCOME IN THE PAST 12 MONTHS (IN 2016 INFLATION-ADJUSTED DOLLARS) - Population 15 years and over
HC02_MOE_VC54,Moved; within same county; Margin of Error; INDIVIDUAL INCOME IN THE PAST 12 MONTHS (IN 2016 INFLATION-ADJUSTED DOLLARS) - Population 15 years and over
HC03_EST_VC54,"Moved; from different county, same state; Estimate; INDIVIDUAL INCOME IN THE PAST 12 MONTHS (IN 2016 INFLATION-ADJUSTED DOLLARS) - Population 15 years and over"
HC03_MOE_VC54,"Moved; from different county, same state; Margin of Error; INDIVIDUAL INCOME IN THE PAST 12 MONTHS (IN 2016 INFLATION-ADJUSTED DOLLARS) - Population 15 years and over"
HC04_EST_VC54,Moved; from different  state; Estimate; INDIVIDUAL INCOME IN THE PAST 12 MONTHS (IN 2016 INFLATION-ADJUSTED DOLLARS) - Population 15 years and over
HC04_MOE_VC54,Moved; from different  state; Margin of Error; INDIVIDUAL INCOME IN THE PAST 12 MONTHS (IN 2016 INFLATION-ADJUSTED DOLLARS) - Population 15 years and over
HC05_EST_VC54,Moved; from abroad; Estimate; INDIVIDUAL INCOME IN THE PAST 12 MONTHS (IN 2016 INFLATION-ADJUSTED DOLLARS) - Population 15 years and over
HC05_MOE_VC54,Moved; from abroad; Margin of Error; INDIVIDUAL INCOME IN THE PAST 12 MONTHS (IN 2016 INFLATION-ADJUSTED DOLLARS) - Population 15 years and over
HC01_EST_VC55,"Total; Estimate; INDIVIDUAL INCOME IN THE PAST 12 MONTHS (IN 2016 INFLATION-ADJUSTED DOLLARS) - Population 15 years and over - $1 to $9,999 or loss"
HC01_MOE_VC55,"Total; Margin of Error; INDIVIDUAL INCOME IN THE PAST 12 MONTHS (IN 2016 INFLATION-ADJUSTED DOLLARS) - Population 15 years and over - $1 to $9,999 or loss"
HC02_EST_VC55,"Moved; within same county; Estimate; INDIVIDUAL INCOME IN THE PAST 12 MONTHS (IN 2016 INFLATION-ADJUSTED DOLLARS) - Population 15 years and over - $1 to $9,999 or loss"
HC02_MOE_VC55,"Moved; within same county; Margin of Error; INDIVIDUAL INCOME IN THE PAST 12 MONTHS (IN 2016 INFLATION-ADJUSTED DOLLARS) - Population 15 years and over - $1 to $9,999 or loss"
HC03_EST_VC55,"Moved; from different county, same state; Estimate; INDIVIDUAL INCOME IN THE PAST 12 MONTHS (IN 2016 INFLATION-ADJUSTED DOLLARS) - Population 15 years and over - $1 to $9,999 or loss"
HC03_MOE_VC55,"Moved; from different county, same state; Margin of Error; INDIVIDUAL INCOME IN THE PAST 12 MONTHS (IN 2016 INFLATION-ADJUSTED DOLLARS) - Population 15 years and over - $1 to $9,999 or loss"
HC04_EST_VC55,"Moved; from different  state; Estimate; INDIVIDUAL INCOME IN THE PAST 12 MONTHS (IN 2016 INFLATION-ADJUSTED DOLLARS) - Population 15 years and over - $1 to $9,999 or loss"
HC04_MOE_VC55,"Moved; from different  state; Margin of Error; INDIVIDUAL INCOME IN THE PAST 12 MONTHS (IN 2016 INFLATION-ADJUSTED DOLLARS) - Population 15 years and over - $1 to $9,999 or loss"
HC05_EST_VC55,"Moved; from abroad; Estimate; INDIVIDUAL INCOME IN THE PAST 12 MONTHS (IN 2016 INFLATION-ADJUSTED DOLLARS) - Population 15 years and over - $1 to $9,999 or loss"
HC05_MOE_VC55,"Moved; from abroad; Margin of Error; INDIVIDUAL INCOME IN THE PAST 12 MONTHS (IN 2016 INFLATION-ADJUSTED DOLLARS) - Population 15 years and over - $1 to $9,999 or loss"
HC01_EST_VC56,"Total; Estimate; INDIVIDUAL INCOME IN THE PAST 12 MONTHS (IN 2016 INFLATION-ADJUSTED DOLLARS) - Population 15 years and over - $10,000 to $14,999"
HC01_MOE_VC56,"Total; Margin of Error; INDIVIDUAL INCOME IN THE PAST 12 MONTHS (IN 2016 INFLATION-ADJUSTED DOLLARS) - Population 15 years and over - $10,000 to $14,999"
HC02_EST_VC56,"Moved; within same county; Estimate; INDIVIDUAL INCOME IN THE PAST 12 MONTHS (IN 2016 INFLATION-ADJUSTED DOLLARS) - Population 15 years and over - $10,000 to $14,999"
HC02_MOE_VC56,"Moved; within same county; Margin of Error; INDIVIDUAL INCOME IN THE PAST 12 MONTHS (IN 2016 INFLATION-ADJUSTED DOLLARS) - Population 15 years and over - $10,000 to $14,999"
HC03_EST_VC56,"Moved; from different county, same state; Estimate; INDIVIDUAL INCOME IN THE PAST 12 MONTHS (IN 2016 INFLATION-ADJUSTED DOLLARS) - Population 15 years and over - $10,000 to $14,999"
HC03_MOE_VC56,"Moved; from different county, same state; Margin of Error; INDIVIDUAL INCOME IN THE PAST 12 MONTHS (IN 2016 INFLATION-ADJUSTED DOLLARS) - Population 15 years and over - $10,000 to $14,999"
HC04_EST_VC56,"Moved; from different  state; Estimate; INDIVIDUAL INCOME IN THE PAST 12 MONTHS (IN 2016 INFLATION-ADJUSTED DOLLARS) - Population 15 years and over - $10,000 to $14,999"
HC04_MOE_VC56,"Moved; from different  state; Margin of Error; INDIVIDUAL INCOME IN THE PAST 12 MONTHS (IN 2016 INFLATION-ADJUSTED DOLLARS) - Population 15 years and over - $10,000 to $14,999"
HC05_EST_VC56,"Moved; from abroad; Estimate; INDIVIDUAL INCOME IN THE PAST 12 MONTHS (IN 2016 INFLATION-ADJUSTED DOLLARS) - Population 15 years and over - $10,000 to $14,999"
HC05_MOE_VC56,"Moved; from abroad; Margin of Error; INDIVIDUAL INCOME IN THE PAST 12 MONTHS (IN 2016 INFLATION-ADJUSTED DOLLARS) - Population 15 years and over - $10,000 to $14,999"
HC01_EST_VC57,"Total; Estimate; INDIVIDUAL INCOME IN THE PAST 12 MONTHS (IN 2016 INFLATION-ADJUSTED DOLLARS) - Population 15 years and over - $15,000 to $24,999"
HC01_MOE_VC57,"Total; Margin of Error; INDIVIDUAL INCOME IN THE PAST 12 MONTHS (IN 2016 INFLATION-ADJUSTED DOLLARS) - Population 15 years and over - $15,000 to $24,999"
HC02_EST_VC57,"Moved; within same county; Estimate; INDIVIDUAL INCOME IN THE PAST 12 MONTHS (IN 2016 INFLATION-ADJUSTED DOLLARS) - Population 15 years and over - $15,000 to $24,999"
HC02_MOE_VC57,"Moved; within same county; Margin of Error; INDIVIDUAL INCOME IN THE PAST 12 MONTHS (IN 2016 INFLATION-ADJUSTED DOLLARS) - Population 15 years and over - $15,000 to $24,999"
HC03_EST_VC57,"Moved; from different county, same state; Estimate; INDIVIDUAL INCOME IN THE PAST 12 MONTHS (IN 2016 INFLATION-ADJUSTED DOLLARS) - Population 15 years and over - $15,000 to $24,999"
HC03_MOE_VC57,"Moved; from different county, same state; Margin of Error; INDIVIDUAL INCOME IN THE PAST 12 MONTHS (IN 2016 INFLATION-ADJUSTED DOLLARS) - Population 15 years and over - $15,000 to $24,999"
HC04_EST_VC57,"Moved; from different  state; Estimate; INDIVIDUAL INCOME IN THE PAST 12 MONTHS (IN 2016 INFLATION-ADJUSTED DOLLARS) - Population 15 years and over - $15,000 to $24,999"
HC04_MOE_VC57,"Moved; from different  state; Margin of Error; INDIVIDUAL INCOME IN THE PAST 12 MONTHS (IN 2016 INFLATION-ADJUSTED DOLLARS) - Population 15 years and over - $15,000 to $24,999"
HC05_EST_VC57,"Moved; from abroad; Estimate; INDIVIDUAL INCOME IN THE PAST 12 MONTHS (IN 2016 INFLATION-ADJUSTED DOLLARS) - Population 15 years and over - $15,000 to $24,999"
HC05_MOE_VC57,"Moved; from abroad; Margin of Error; INDIVIDUAL INCOME IN THE PAST 12 MONTHS (IN 2016 INFLATION-ADJUSTED DOLLARS) - Population 15 years and over - $15,000 to $24,999"
HC01_EST_VC58,"Total; Estimate; INDIVIDUAL INCOME IN THE PAST 12 MONTHS (IN 2016 INFLATION-ADJUSTED DOLLARS) - Population 15 years and over - $25,000 to $34,999"
HC01_MOE_VC58,"Total; Margin of Error; INDIVIDUAL INCOME IN THE PAST 12 MONTHS (IN 2016 INFLATION-ADJUSTED DOLLARS) - Population 15 years and over - $25,000 to $34,999"
HC02_EST_VC58,"Moved; within same county; Estimate; INDIVIDUAL INCOME IN THE PAST 12 MONTHS (IN 2016 INFLATION-ADJUSTED DOLLARS) - Population 15 years and over - $25,000 to $34,999"
HC02_MOE_VC58,"Moved; within same county; Margin of Error; INDIVIDUAL INCOME IN THE PAST 12 MONTHS (IN 2016 INFLATION-ADJUSTED DOLLARS) - Population 15 years and over - $25,000 to $34,999"
HC03_EST_VC58,"Moved; from different county, same state; Estimate; INDIVIDUAL INCOME IN THE PAST 12 MONTHS (IN 2016 INFLATION-ADJUSTED DOLLARS) - Population 15 years and over - $25,000 to $34,999"
HC03_MOE_VC58,"Moved; from different county, same state; Margin of Error; INDIVIDUAL INCOME IN THE PAST 12 MONTHS (IN 2016 INFLATION-ADJUSTED DOLLARS) - Population 15 years and over - $25,000 to $34,999"
HC04_EST_VC58,"Moved; from different  state; Estimate; INDIVIDUAL INCOME IN THE PAST 12 MONTHS (IN 2016 INFLATION-ADJUSTED DOLLARS) - Population 15 years and over - $25,000 to $34,999"
HC04_MOE_VC58,"Moved; from different  state; Margin of Error; INDIVIDUAL INCOME IN THE PAST 12 MONTHS (IN 2016 INFLATION-ADJUSTED DOLLARS) - Population 15 years and over - $25,000 to $34,999"
HC05_EST_VC58,"Moved; from abroad; Estimate; INDIVIDUAL INCOME IN THE PAST 12 MONTHS (IN 2016 INFLATION-ADJUSTED DOLLARS) - Population 15 years and over - $25,000 to $34,999"
HC05_MOE_VC58,"Moved; from abroad; Margin of Error; INDIVIDUAL INCOME IN THE PAST 12 MONTHS (IN 2016 INFLATION-ADJUSTED DOLLARS) - Population 15 years and over - $25,000 to $34,999"
HC01_EST_VC59,"Total; Estimate; INDIVIDUAL INCOME IN THE PAST 12 MONTHS (IN 2016 INFLATION-ADJUSTED DOLLARS) - Population 15 years and over - $35,000 to $49,999"
HC01_MOE_VC59,"Total; Margin of Error; INDIVIDUAL INCOME IN THE PAST 12 MONTHS (IN 2016 INFLATION-ADJUSTED DOLLARS) - Population 15 years and over - $35,000 to $49,999"
HC02_EST_VC59,"Moved; within same county; Estimate; INDIVIDUAL INCOME IN THE PAST 12 MONTHS (IN 2016 INFLATION-ADJUSTED DOLLARS) - Population 15 years and over - $35,000 to $49,999"
HC02_MOE_VC59,"Moved; within same county; Margin of Error; INDIVIDUAL INCOME IN THE PAST 12 MONTHS (IN 2016 INFLATION-ADJUSTED DOLLARS) - Population 15 years and over - $35,000 to $49,999"
HC03_EST_VC59,"Moved; from different county, same state; Estimate; INDIVIDUAL INCOME IN THE PAST 12 MONTHS (IN 2016 INFLATION-ADJUSTED DOLLARS) - Population 15 years and over - $35,000 to $49,999"
HC03_MOE_VC59,"Moved; from different county, same state; Margin of Error; INDIVIDUAL INCOME IN THE PAST 12 MONTHS (IN 2016 INFLATION-ADJUSTED DOLLARS) - Population 15 years and over - $35,000 to $49,999"
HC04_EST_VC59,"Moved; from different  state; Estimate; INDIVIDUAL INCOME IN THE PAST 12 MONTHS (IN 2016 INFLATION-ADJUSTED DOLLARS) - Population 15 years and over - $35,000 to $49,999"
HC04_MOE_VC59,"Moved; from different  state; Margin of Error; INDIVIDUAL INCOME IN THE PAST 12 MONTHS (IN 2016 INFLATION-ADJUSTED DOLLARS) - Population 15 years and over - $35,000 to $49,999"
HC05_EST_VC59,"Moved; from abroad; Estimate; INDIVIDUAL INCOME IN THE PAST 12 MONTHS (IN 2016 INFLATION-ADJUSTED DOLLARS) - Population 15 years and over - $35,000 to $49,999"
HC05_MOE_VC59,"Moved; from abroad; Margin of Error; INDIVIDUAL INCOME IN THE PAST 12 MONTHS (IN 2016 INFLATION-ADJUSTED DOLLARS) - Population 15 years and over - $35,000 to $49,999"
HC01_EST_VC60,"Total; Estimate; INDIVIDUAL INCOME IN THE PAST 12 MONTHS (IN 2016 INFLATION-ADJUSTED DOLLARS) - Population 15 years and over - $50,000 to $64,999"
HC01_MOE_VC60,"Total; Margin of Error; INDIVIDUAL INCOME IN THE PAST 12 MONTHS (IN 2016 INFLATION-ADJUSTED DOLLARS) - Population 15 years and over - $50,000 to $64,999"
HC02_EST_VC60,"Moved; within same county; Estimate; INDIVIDUAL INCOME IN THE PAST 12 MONTHS (IN 2016 INFLATION-ADJUSTED DOLLARS) - Population 15 years and over - $50,000 to $64,999"
HC02_MOE_VC60,"Moved; within same county; Margin of Error; INDIVIDUAL INCOME IN THE PAST 12 MONTHS (IN 2016 INFLATION-ADJUSTED DOLLARS) - Population 15 years and over - $50,000 to $64,999"
HC03_EST_VC60,"Moved; from different county, same state; Estimate; INDIVIDUAL INCOME IN THE PAST 12 MONTHS (IN 2016 INFLATION-ADJUSTED DOLLARS) - Population 15 years and over - $50,000 to $64,999"
HC03_MOE_VC60,"Moved; from different county, same state; Margin of Error; INDIVIDUAL INCOME IN THE PAST 12 MONTHS (IN 2016 INFLATION-ADJUSTED DOLLARS) - Population 15 years and over - $50,000 to $64,999"
HC04_EST_VC60,"Moved; from different  state; Estimate; INDIVIDUAL INCOME IN THE PAST 12 MONTHS (IN 2016 INFLATION-ADJUSTED DOLLARS) - Population 15 years and over - $50,000 to $64,999"
HC04_MOE_VC60,"Moved; from different  state; Margin of Error; INDIVIDUAL INCOME IN THE PAST 12 MONTHS (IN 2016 INFLATION-ADJUSTED DOLLARS) - Population 15 years and over - $50,000 to $64,999"
HC05_EST_VC60,"Moved; from abroad; Estimate; INDIVIDUAL INCOME IN THE PAST 12 MONTHS (IN 2016 INFLATION-ADJUSTED DOLLARS) - Population 15 years and over - $50,000 to $64,999"
HC05_MOE_VC60,"Moved; from abroad; Margin of Error; INDIVIDUAL INCOME IN THE PAST 12 MONTHS (IN 2016 INFLATION-ADJUSTED DOLLARS) - Population 15 years and over - $50,000 to $64,999"
HC01_EST_VC61,"Total; Estimate; INDIVIDUAL INCOME IN THE PAST 12 MONTHS (IN 2016 INFLATION-ADJUSTED DOLLARS) - Population 15 years and over - $65,000 to $74,999"
HC01_MOE_VC61,"Total; Margin of Error; INDIVIDUAL INCOME IN THE PAST 12 MONTHS (IN 2016 INFLATION-ADJUSTED DOLLARS) - Population 15 years and over - $65,000 to $74,999"
HC02_EST_VC61,"Moved; within same county; Estimate; INDIVIDUAL INCOME IN THE PAST 12 MONTHS (IN 2016 INFLATION-ADJUSTED DOLLARS) - Population 15 years and over - $65,000 to $74,999"
HC02_MOE_VC61,"Moved; within same county; Margin of Error; INDIVIDUAL INCOME IN THE PAST 12 MONTHS (IN 2016 INFLATION-ADJUSTED DOLLARS) - Population 15 years and over - $65,000 to $74,999"
HC03_EST_VC61,"Moved; from different county, same state; Estimate; INDIVIDUAL INCOME IN THE PAST 12 MONTHS (IN 2016 INFLATION-ADJUSTED DOLLARS) - Population 15 years and over - $65,000 to $74,999"
HC03_MOE_VC61,"Moved; from different county, same state; Margin of Error; INDIVIDUAL INCOME IN THE PAST 12 MONTHS (IN 2016 INFLATION-ADJUSTED DOLLARS) - Population 15 years and over - $65,000 to $74,999"
HC04_EST_VC61,"Moved; from different  state; Estimate; INDIVIDUAL INCOME IN THE PAST 12 MONTHS (IN 2016 INFLATION-ADJUSTED DOLLARS) - Population 15 years and over - $65,000 to $74,999"
HC04_MOE_VC61,"Moved; from different  state; Margin of Error; INDIVIDUAL INCOME IN THE PAST 12 MONTHS (IN 2016 INFLATION-ADJUSTED DOLLARS) - Population 15 years and over - $65,000 to $74,999"
HC05_EST_VC61,"Moved; from abroad; Estimate; INDIVIDUAL INCOME IN THE PAST 12 MONTHS (IN 2016 INFLATION-ADJUSTED DOLLARS) - Population 15 years and over - $65,000 to $74,999"
HC05_MOE_VC61,"Moved; from abroad; Margin of Error; INDIVIDUAL INCOME IN THE PAST 12 MONTHS (IN 2016 INFLATION-ADJUSTED DOLLARS) - Population 15 years and over - $65,000 to $74,999"
HC01_EST_VC62,"Total; Estimate; INDIVIDUAL INCOME IN THE PAST 12 MONTHS (IN 2016 INFLATION-ADJUSTED DOLLARS) - Population 15 years and over - $75,000 or more"
HC01_MOE_VC62,"Total; Margin of Error; INDIVIDUAL INCOME IN THE PAST 12 MONTHS (IN 2016 INFLATION-ADJUSTED DOLLARS) - Population 15 years and over - $75,000 or more"
HC02_EST_VC62,"Moved; within same county; Estimate; INDIVIDUAL INCOME IN THE PAST 12 MONTHS (IN 2016 INFLATION-ADJUSTED DOLLARS) - Population 15 years and over - $75,000 or more"
HC02_MOE_VC62,"Moved; within same county; Margin of Error; INDIVIDUAL INCOME IN THE PAST 12 MONTHS (IN 2016 INFLATION-ADJUSTED DOLLARS) - Population 15 years and over - $75,000 or more"
HC03_EST_VC62,"Moved; from different county, same state; Estimate; INDIVIDUAL INCOME IN THE PAST 12 MONTHS (IN 2016 INFLATION-ADJUSTED DOLLARS) - Population 15 years and over - $75,000 or more"
HC03_MOE_VC62,"Moved; from different county, same state; Margin of Error; INDIVIDUAL INCOME IN THE PAST 12 MONTHS (IN 2016 INFLATION-ADJUSTED DOLLARS) - Population 15 years and over - $75,000 or more"
HC04_EST_VC62,"Moved; from different  state; Estimate; INDIVIDUAL INCOME IN THE PAST 12 MONTHS (IN 2016 INFLATION-ADJUSTED DOLLARS) - Population 15 years and over - $75,000 or more"
HC04_MOE_VC62,"Moved; from different  state; Margin of Error; INDIVIDUAL INCOME IN THE PAST 12 MONTHS (IN 2016 INFLATION-ADJUSTED DOLLARS) - Population 15 years and over - $75,000 or more"
HC05_EST_VC62,"Moved; from abroad; Estimate; INDIVIDUAL INCOME IN THE PAST 12 MONTHS (IN 2016 INFLATION-ADJUSTED DOLLARS) - Population 15 years and over - $75,000 or more"
HC05_MOE_VC62,"Moved; from abroad; Margin of Error; INDIVIDUAL INCOME IN THE PAST 12 MONTHS (IN 2016 INFLATION-ADJUSTED DOLLARS) - Population 15 years and over - $75,000 or more"
HC01_EST_VC64,Total; Estimate; Median income (dollars)
HC01_MOE_VC64,Total; Margin of Error; Median income (dollars)
HC02_EST_VC64,Moved; within same county; Estimate; Median income (dollars)
HC02_MOE_VC64,Moved; within same county; Margin of Error; Median income (dollars)
HC03_EST_VC64,"Moved; from different county, same state; Estimate; Median income (dollars)"
HC03_MOE_VC64,"Moved; from different county, same state; Margin of Error; Median income (dollars)"
HC04_EST_VC64,Moved; from different  state; Estimate; Median income (dollars)
HC04_MOE_VC64,Moved; from different  state; Margin of Error; Median income (dollars)
HC05_EST_VC64,Moved; from abroad; Estimate; Median income (dollars)
HC05_MOE_VC64,Moved; from abroad; Margin of Error; Median income (dollars)
HC01_EST_VC67,Total; Estimate; POVERTY STATUS IN THE PAST 12 MONTHS - Population 1 year and over for whom poverty status is determined
HC01_MOE_VC67,Total; Margin of Error; POVERTY STATUS IN THE PAST 12 MONTHS - Population 1 year and over for whom poverty status is determined
HC02_EST_VC67,Moved; within same county; Estimate; POVERTY STATUS IN THE PAST 12 MONTHS - Population 1 year and over for whom poverty status is determined
HC02_MOE_VC67,Moved; within same county; Margin of Error; POVERTY STATUS IN THE PAST 12 MONTHS - Population 1 year and over for whom poverty status is determined
HC03_EST_VC67,"Moved; from different county, same state; Estimate; POVERTY STATUS IN THE PAST 12 MONTHS - Population 1 year and over for whom poverty status is determined"
HC03_MOE_VC67,"Moved; from different county, same state; Margin of Error; POVERTY STATUS IN THE PAST 12 MONTHS - Population 1 year and over for whom poverty status is determined"
HC04_EST_VC67,Moved; from different  state; Estimate; POVERTY STATUS IN THE PAST 12 MONTHS - Population 1 year and over for whom poverty status is determined
HC04_MOE_VC67,Moved; from different  state; Margin of Error; POVERTY STATUS IN THE PAST 12 MONTHS - Population 1 year and over for whom poverty status is determined
HC05_EST_VC67,Moved; from abroad; Estimate; POVERTY STATUS IN THE PAST 12 MONTHS - Population 1 year and over for whom poverty status is determined
HC05_MOE_VC67,Moved; from abroad; Margin of Error; POVERTY STATUS IN THE PAST 12 MONTHS - Population 1 year and over for whom poverty status is determined
HC01_EST_VC68,Total; Estimate; POVERTY STATUS IN THE PAST 12 MONTHS - Population 1 year and over for whom poverty status is determined - Below 100 percent of the poverty level
HC01_MOE_VC68,Total; Margin of Error; POVERTY STATUS IN THE PAST 12 MONTHS - Population 1 year and over for whom poverty status is determined - Below 100 percent of the poverty level
HC02_EST_VC68,Moved; within same county; Estimate; POVERTY STATUS IN THE PAST 12 MONTHS - Population 1 year and over for whom poverty status is determined - Below 100 percent of the poverty level
HC02_MOE_VC68,Moved; within same county; Margin of Error; POVERTY STATUS IN THE PAST 12 MONTHS - Population 1 year and over for whom poverty status is determined - Below 100 percent of the poverty level
HC03_EST_VC68,"Moved; from different county, same state; Estimate; POVERTY STATUS IN THE PAST 12 MONTHS - Population 1 year and over for whom poverty status is determined - Below 100 percent of the poverty level"
HC03_MOE_VC68,"Moved; from different county, same state; Margin of Error; POVERTY STATUS IN THE PAST 12 MONTHS - Population 1 year and over for whom poverty status is determined - Below 100 percent of the poverty level"
HC04_EST_VC68,Moved; from different  state; Estimate; POVERTY STATUS IN THE PAST 12 MONTHS - Population 1 year and over for whom poverty status is determined - Below 100 percent of the poverty level
HC04_MOE_VC68,Moved; from different  state; Margin of Error; POVERTY STATUS IN THE PAST 12 MONTHS - Population 1 year and over for whom poverty status is determined - Below 100 percent of the poverty level
HC05_EST_VC68,Moved; from abroad; Estimate; POVERTY STATUS IN THE PAST 12 MONTHS - Population 1 year and over for whom poverty status is determined - Below 100 percent of the poverty level
HC05_MOE_VC68,Moved; from abroad; Margin of Error; POVERTY STATUS IN THE PAST 12 MONTHS - Population 1 year and over for whom poverty status is determined - Below 100 percent of the poverty level
HC01_EST_VC69,Total; Estimate; POVERTY STATUS IN THE PAST 12 MONTHS - Population 1 year and over for whom poverty status is determined - 100 to 149 percent of the poverty level
HC01_MOE_VC69,Total; Margin of Error; POVERTY STATUS IN THE PAST 12 MONTHS - Population 1 year and over for whom poverty status is determined - 100 to 149 percent of the poverty level
HC02_EST_VC69,Moved; within same county; Estimate; POVERTY STATUS IN THE PAST 12 MONTHS - Population 1 year and over for whom poverty status is determined - 100 to 149 percent of the poverty level
HC02_MOE_VC69,Moved; within same county; Margin of Error; POVERTY STATUS IN THE PAST 12 MONTHS - Population 1 year and over for whom poverty status is determined - 100 to 149 percent of the poverty level
HC03_EST_VC69,"Moved; from different county, same state; Estimate; POVERTY STATUS IN THE PAST 12 MONTHS - Population 1 year and over for whom poverty status is determined - 100 to 149 percent of the poverty level"
HC03_MOE_VC69,"Moved; from different county, same state; Margin of Error; POVERTY STATUS IN THE PAST 12 MONTHS - Population 1 year and over for whom poverty status is determined - 100 to 149 percent of the poverty level"
HC04_EST_VC69,Moved; from different  state; Estimate; POVERTY STATUS IN THE PAST 12 MONTHS - Population 1 year and over for whom poverty status is determined - 100 to 149 percent of the poverty level
HC04_MOE_VC69,Moved; from different  state; Margin of Error; POVERTY STATUS IN THE PAST 12 MONTHS - Population 1 year and over for whom poverty status is determined - 100 to 149 percent of the poverty level
HC05_EST_VC69,Moved; from abroad; Estimate; POVERTY STATUS IN THE PAST 12 MONTHS - Population 1 year and over for whom poverty status is determined - 100 to 149 percent of the poverty level
HC05_MOE_VC69,Moved; from abroad; Margin of Error; POVERTY STATUS IN THE PAST 12 MONTHS - Population 1 year and over for whom poverty status is determined - 100 to 149 percent of the poverty level
HC01_EST_VC70,Total; Estimate; POVERTY STATUS IN THE PAST 12 MONTHS - Population 1 year and over for whom poverty status is determined - At or above 150 percent of the poverty level
HC01_MOE_VC70,Total; Margin of Error; POVERTY STATUS IN THE PAST 12 MONTHS - Population 1 year and over for whom poverty status is determined - At or above 150 percent of the poverty level
HC02_EST_VC70,Moved; within same county; Estimate; POVERTY STATUS IN THE PAST 12 MONTHS - Population 1 year and over for whom poverty status is determined - At or above 150 percent of the poverty level
HC02_MOE_VC70,Moved; within same county; Margin of Error; POVERTY STATUS IN THE PAST 12 MONTHS - Population 1 year and over for whom poverty status is determined - At or above 150 percent of the poverty level
HC03_EST_VC70,"Moved; from different county, same state; Estimate; POVERTY STATUS IN THE PAST 12 MONTHS - Population 1 year and over for whom poverty status is determined - At or above 150 percent of the poverty level"
HC03_MOE_VC70,"Moved; from different county, same state; Margin of Error; POVERTY STATUS IN THE PAST 12 MONTHS - Population 1 year and over for whom poverty status is determined - At or above 150 percent of the poverty level"
HC04_EST_VC70,Moved; from different  state; Estimate; POVERTY STATUS IN THE PAST 12 MONTHS - Population 1 year and over for whom poverty status is determined - At or above 150 percent of the poverty level
HC04_MOE_VC70,Moved; from different  state; Margin of Error; POVERTY STATUS IN THE PAST 12 MONTHS - Population 1 year and over for whom poverty status is determined - At or above 150 percent of the poverty level
HC05_EST_VC70,Moved; from abroad; Estimate; POVERTY STATUS IN THE PAST 12 MONTHS - Population 1 year and over for whom poverty status is determined - At or above 150 percent of the poverty level
HC05_MOE_VC70,Moved; from abroad; Margin of Error; POVERTY STATUS IN THE PAST 12 MONTHS - Population 1 year and over for whom poverty status is determined - At or above 150 percent of the poverty level
HC01_EST_VC73,Total; Estimate; HOUSING TENURE - Population 1 year and over in housing units
HC01_MOE_VC73,Total; Margin of Error; HOUSING TENURE - Population 1 year and over in housing units
HC02_EST_VC73,Moved; within same county; Estimate; HOUSING TENURE - Population 1 year and over in housing units
HC02_MOE_VC73,Moved; within same county; Margin of Error; HOUSING TENURE - Population 1 year and over in housing units
HC03_EST_VC73,"Moved; from different county, same state; Estimate; HOUSING TENURE - Population 1 year and over in housing units"
HC03_MOE_VC73,"Moved; from different county, same state; Margin of Error; HOUSING TENURE - Population 1 year and over in housing units"
HC04_EST_VC73,Moved; from different  state; Estimate; HOUSING TENURE - Population 1 year and over in housing units
HC04_MOE_VC73,Moved; from different  state; Margin of Error; HOUSING TENURE - Population 1 year and over in housing units
HC05_EST_VC73,Moved; from abroad; Estimate; HOUSING TENURE - Population 1 year and over in housing units
HC05_MOE_VC73,Moved; from abroad; Margin of Error; HOUSING TENURE - Population 1 year and over in housing units
HC01_EST_VC74,Total; Estimate; HOUSING TENURE - Population 1 year and over in housing units - Householder lived in owner-occupied housing units
HC01_MOE_VC74,Total; Margin of Error; HOUSING TENURE - Population 1 year and over in housing units - Householder lived in owner-occupied housing units
HC02_EST_VC74,Moved; within same county; Estimate; HOUSING TENURE - Population 1 year and over in housing units - Householder lived in owner-occupied housing units
HC02_MOE_VC74,Moved; within same county; Margin of Error; HOUSING TENURE - Population 1 year and over in housing units - Householder lived in owner-occupied housing units
HC03_EST_VC74,"Moved; from different county, same state; Estimate; HOUSING TENURE - Population 1 year and over in housing units - Householder lived in owner-occupied housing units"
HC03_MOE_VC74,"Moved; from different county, same state; Margin of Error; HOUSING TENURE - Population 1 year and over in housing units - Householder lived in owner-occupied housing units"
HC04_EST_VC74,Moved; from different  state; Estimate; HOUSING TENURE - Population 1 year and over in housing units - Householder lived in owner-occupied housing units
HC04_MOE_VC74,Moved; from different  state; Margin of Error; HOUSING TENURE - Population 1 year and over in housing units - Householder lived in owner-occupied housing units
HC05_EST_VC74,Moved; from abroad; Estimate; HOUSING TENURE - Population 1 year and over in housing units - Householder lived in owner-occupied housing units
HC05_MOE_VC74,Moved; from abroad; Margin of Error; HOUSING TENURE - Population 1 year and over in housing units - Householder lived in owner-occupied housing units
HC01_EST_VC75,Total; Estimate; HOUSING TENURE - Population 1 year and over in housing units - Householder lived in renter-occupied housing units
HC01_MOE_VC75,Total; Margin of Error; HOUSING TENURE - Population 1 year and over in housing units - Householder lived in renter-occupied housing units
HC02_EST_VC75,Moved; within same county; Estimate; HOUSING TENURE - Population 1 year and over in housing units - Householder lived in renter-occupied housing units
HC02_MOE_VC75,Moved; within same county; Margin of Error; HOUSING TENURE - Population 1 year and over in housing units - Householder lived in renter-occupied housing units
HC03_EST_VC75,"Moved; from different county, same state; Estimate; HOUSING TENURE - Population 1 year and over in housing units - Householder lived in renter-occupied housing units"
HC03_MOE_VC75,"Moved; from different county, same state; Margin of Error; HOUSING TENURE - Population 1 year and over in housing units - Householder lived in renter-occupied housing units"
HC04_EST_VC75,Moved; from different  state; Estimate; HOUSING TENURE - Population 1 year and over in housing units - Householder lived in renter-occupied housing units
HC04_MOE_VC75,Moved; from different  state; Margin of Error; HOUSING TENURE - Population 1 year and over in housing units - Householder lived in renter-occupied housing units
HC05_EST_VC75,Moved; from abroad; Estimate; HOUSING TENURE - Population 1 year and over in housing units - Householder lived in renter-occupied housing units
HC05_MOE_VC75,Moved; from abroad; Margin of Error; HOUSING TENURE - Population 1 year and over in housing units - Householder lived in renter-occupied housing units
HC01_EST_VC78,Total; Estimate; PERCENT ALLOCATED - Residence 1 year ago
HC01_MOE_VC78,Total; Margin of Error; PERCENT ALLOCATED - Residence 1 year ago
HC02_EST_VC78,Moved; within same county; Estimate; PERCENT ALLOCATED - Residence 1 year ago
HC02_MOE_VC78,Moved; within same county; Margin of Error; PERCENT ALLOCATED - Residence 1 year ago
HC03_EST_VC78,"Moved; from different county, same state; Estimate; PERCENT ALLOCATED - Residence 1 year ago"
HC03_MOE_VC78,"Moved; from different county, same state; Margin of Error; PERCENT ALLOCATED - Residence 1 year ago"
HC04_EST_VC78,Moved; from different  state; Estimate; PERCENT ALLOCATED - Residence 1 year ago
HC04_MOE_VC78,Moved; from different  state; Margin of Error; PERCENT ALLOCATED - Residence 1 year ago
HC05_EST_VC78,Moved; from abroad; Estimate; PERCENT ALLOCATED - Residence 1 year ago
HC05_MOE_VC78,Moved; from abroad; Margin of Error; PERCENT ALLOCATED - Residence 1 year ago
